comparison,model1_mean,model2_mean,mean_diff,t_stat,p_value,significant_005,significant_001
roberta-base vs microsoft__deberta-v3-large,0.6590233710237801,0.7065301273836888,-0.04750675635990875,-18.15639151547308,2.2184314946773475e-17,True,True
roberta-base vs answerdotai__ModernBERT-large,0.6590233710237801,0.689365148880609,-0.0303417778568289,-9.029018259983607,6.352204750689965e-10,True,True
microsoft__deberta-v3-large vs answerdotai__ModernBERT-large,0.7065301273836888,0.689365148880609,0.017164978503079853,5.537663468560244,5.700037620452572e-06,True,True
