model,count,mean,std,min,max,median
answerdotai__ModernBERT-large,30,0.6893651488806088,0.01677285760795586,0.6600645782757342,0.7231848176520536,0.6909666728539692
microsoft__deberta-v3-large,30,0.7065301273836887,0.01708795716619022,0.6717205741353224,0.7365082179024279,0.7067181288127911
roberta-base,30,0.6590233710237802,0.020045441561980456,0.6151947435481594,0.6841197175765293,0.6593284143723915
